<?xml version="1.0" encoding="UTF-8"?>
<!-- useable flags are
	1: Network Scan
	2: use BAT
	4: use ONIT
	8: skip NITs of known networks
	and combinations of this.
-->
<!-- transponder parameters:
	bandwidth: 0 = 8 MHz, 1 = 7 MHz, 2 = 6 MHz, 3 = Auto (unsupported, default)
	constellation: 0 = QPSK, 1 = 16-QAM (default), 2 = 64-QAM, 3 = Auto
	code_rate_{lp,hp}: 0 = 1/2, 1 = 2/3, 2 = 3/4, 3 = 5/6, 4 = 7/8, 5 = Auto (default), 6 = None
	guard_interval: 0 = 1/32, 1 = 1/16, 2 = 1/8, 3 = 1/4, 4 = Auto (default)
	transmission_mode: 0 = 2K, 1 = 8K, 2 = Auto (default)
	hierarchy_information: 0 = None, 1 = 1, 2 = 2, 3 = 4, 4 = Auto (default)
	inversion: 0 = Off, 1 = On, 2 = Auto (default)
-->
<!--
	Please report missing frequencies and pointers to regional
	standards to http://www.dream-multimedia-tv.de/board/
-->
<locations>
	<terrestrial name="Europe, Middle East, Africa: DVB-T Frequencies" flags="5">
		<transponder centre_frequency="177500000" bandwidth="1" constellation="3"/>
		<transponder centre_frequency="184500000" bandwidth="1" constellation="3"/>
		<transponder centre_frequency="191500000" bandwidth="1" constellation="3"/>
		<transponder centre_frequency="198500000" bandwidth="1" constellation="3"/>
		<transponder centre_frequency="205500000" bandwidth="1" constellation="3"/>
		<transponder centre_frequency="212500000" bandwidth="1" constellation="3"/>
		<transponder centre_frequency="219500000" bandwidth="1" constellation="3"/>
		<transponder centre_frequency="226500000" bandwidth="1" constellation="3"/>
		<transponder centre_frequency="474000000" bandwidth="0" constellation="3"/>
		<transponder centre_frequency="482000000" bandwidth="0" constellation="3"/>
		<transponder centre_frequency="490000000" bandwidth="0" constellation="3"/>
		<transponder centre_frequency="498000000" bandwidth="0" constellation="3"/>
		<transponder centre_frequency="506000000" bandwidth="0" constellation="3"/>
		<transponder centre_frequency="514000000" bandwidth="0" constellation="3"/>
		<transponder centre_frequency="522000000" bandwidth="0" constellation="3"/>
		<transponder centre_frequency="530000000" bandwidth="0" constellation="3"/>
		<transponder centre_frequency="538000000" bandwidth="0" constellation="3"/>
		<transponder centre_frequency="546000000" bandwidth="0" constellation="3"/>
		<transponder centre_frequency="554000000" bandwidth="0" constellation="3"/>
		<transponder centre_frequency="562000000" bandwidth="0" constellation="3"/>
		<transponder centre_frequency="570000000" bandwidth="0" constellation="3"/>
		<transponder centre_frequency="578000000" bandwidth="0" constellation="3"/>
		<transponder centre_frequency="586000000" bandwidth="0" constellation="3"/>
		<transponder centre_frequency="594000000" bandwidth="0" constellation="3"/>
		<transponder centre_frequency="602000000" bandwidth="0" constellation="3"/>
		<transponder centre_frequency="610000000" bandwidth="0" constellation="3"/>
		<transponder centre_frequency="618000000" bandwidth="0" constellation="3"/>
		<transponder centre_frequency="626000000" bandwidth="0" constellation="3"/>
		<transponder centre_frequency="634000000" bandwidth="0" constellation="3"/>
		<transponder centre_frequency="642000000" bandwidth="0" constellation="3"/>
		<transponder centre_frequency="650000000" bandwidth="0" constellation="3"/>
		<transponder centre_frequency="658000000" bandwidth="0" constellation="3"/>
		<transponder centre_frequency="666000000" bandwidth="0" constellation="3"/>
		<transponder centre_frequency="674000000" bandwidth="0" constellation="3"/>
		<transponder centre_frequency="682000000" bandwidth="0" constellation="3"/>
		<transponder centre_frequency="690000000" bandwidth="0" constellation="3"/>
		<transponder centre_frequency="698000000" bandwidth="0" constellation="3"/>
		<transponder centre_frequency="706000000" bandwidth="0" constellation="3"/>
		<transponder centre_frequency="714000000" bandwidth="0" constellation="3"/>
		<transponder centre_frequency="722000000" bandwidth="0" constellation="3"/>
		<transponder centre_frequency="730000000" bandwidth="0" constellation="3"/>
		<transponder centre_frequency="738000000" bandwidth="0" constellation="3"/>
		<transponder centre_frequency="746000000" bandwidth="0" constellation="3"/>
		<transponder centre_frequency="754000000" bandwidth="0" constellation="3"/>
		<transponder centre_frequency="762000000" bandwidth="0" constellation="3"/>
		<transponder centre_frequency="770000000" bandwidth="0" constellation="3"/>
		<transponder centre_frequency="778000000" bandwidth="0" constellation="3"/>
		<transponder centre_frequency="786000000" bandwidth="0" constellation="3"/>
		<transponder centre_frequency="794000000" bandwidth="0" constellation="3"/>
		<transponder centre_frequency="802000000" bandwidth="0" constellation="3"/>
		<transponder centre_frequency="810000000" bandwidth="0" constellation="3"/>
		<transponder centre_frequency="818000000" bandwidth="0" constellation="3"/>
		<transponder centre_frequency="826000000" bandwidth="0" constellation="3"/>
		<transponder centre_frequency="834000000" bandwidth="0" constellation="3"/>
		<transponder centre_frequency="842000000" bandwidth="0" constellation="3"/>
		<transponder centre_frequency="850000000" bandwidth="0" constellation="3"/>
		<transponder centre_frequency="858000000" bandwidth="0" constellation="3"/>
	</terrestrial>
	<terrestrial name="Russia (Europe DVB-T/T2)" flags="5">
		<transponder centre_frequency="498000000" bandwidth="0" constellation="3" system="1"/>
		<transponder centre_frequency="546000000" bandwidth="0" constellation="3" system="1"/>
		<transponder centre_frequency="562000000" bandwidth="0" constellation="3" system="1"/>
		<transponder centre_frequency="578000000" bandwidth="0" constellation="3" system="1"/>
		<transponder centre_frequency="586000000" bandwidth="0" constellation="3" system="1"/>
		<transponder centre_frequency="594000000" bandwidth="0" constellation="3" system="1"/>
		<transponder centre_frequency="602000000" bandwidth="0" constellation="3" system="1"/>
		<transponder centre_frequency="610000000" bandwidth="0" constellation="3" system="1"/>
		<transponder centre_frequency="618000000" bandwidth="0" constellation="3" system="1"/>
		<transponder centre_frequency="762000000" bandwidth="0" constellation="3" system="1"/>
		<transponder centre_frequency="770000000" bandwidth="0" constellation="3" system="1"/>
		<transponder centre_frequency="650000000" bandwidth="0" constellation="3" system="1"/>
		<transponder centre_frequency="730000000" bandwidth="0" constellation="3" system="1"/>
		<transponder centre_frequency="514000000" bandwidth="0" constellation="3" system="1"/>
	</terrestrial>
	<terrestrial name="Crimea (Europe DVB-T/T2)" flags="5">
		<transponder centre_frequency="490000000" bandwidth="0" constellation="3" system="1"/>
		<transponder centre_frequency="538000000" bandwidth="0" constellation="3" system="1"/>
		<transponder centre_frequency="562000000" bandwidth="0" constellation="3" system="1"/>
		<transponder centre_frequency="586000000" bandwidth="0" constellation="3" system="1"/>
		<transponder centre_frequency="602000000" bandwidth="0" constellation="3" system="1"/>
		<transponder centre_frequency="770000000" bandwidth="0" constellation="3" system="1"/>
	</terrestrial>
	<terrestrial name="Ukraine (Europe DVB-T/T2)" flags="5">
		<transponder centre_frequency="514000000" bandwidth="0" constellation="3" system="1"/>
		<transponder centre_frequency="538000000" bandwidth="0" constellation="3" system="1"/>
		<transponder centre_frequency="554000000" bandwidth="0" constellation="3" system="1"/>
		<transponder centre_frequency="698000000" bandwidth="0" constellation="3" system="1"/>
		<transponder centre_frequency="634000000" bandwidth="0" constellation="3" system="1"/>
		<transponder centre_frequency="650000000" bandwidth="0" constellation="3" system="1"/>
		<transponder centre_frequency="714000000" bandwidth="0" constellation="3" system="1"/>
		<transponder centre_frequency="818000000" bandwidth="0" constellation="3" system="1"/>
	</terrestrial>
	<terrestrial name="Europe, Middle East, Africa: DVB-C Frequencies" flags="5">
		<transponder centre_frequency="50500000" bandwidth="1" constellation="3"/>
		<transponder centre_frequency="57500000" bandwidth="1" constellation="3"/>
		<transponder centre_frequency="64500000" bandwidth="1" constellation="3"/>
		<transponder centre_frequency="73000000" bandwidth="0" constellation="3"/>
		<transponder centre_frequency="81000000" bandwidth="0" constellation="3"/>
		<transponder centre_frequency="107500000" bandwidth="1" constellation="3"/>
		<transponder centre_frequency="113000000" bandwidth="0" constellation="3"/>
		<transponder centre_frequency="121000000" bandwidth="0" constellation="3"/>
		<transponder centre_frequency="128500000" bandwidth="1" constellation="3"/>
		<transponder centre_frequency="135500000" bandwidth="1" constellation="3"/>
		<transponder centre_frequency="142500000" bandwidth="1" constellation="3"/>
		<transponder centre_frequency="149500000" bandwidth="1" constellation="3"/>
		<transponder centre_frequency="156500000" bandwidth="1" constellation="3"/>
		<transponder centre_frequency="163500000" bandwidth="1" constellation="3"/>
		<transponder centre_frequency="170500000" bandwidth="1" constellation="3"/>
		<transponder centre_frequency="177500000" bandwidth="1" constellation="3"/>
		<transponder centre_frequency="184500000" bandwidth="1" constellation="3"/>
		<transponder centre_frequency="191500000" bandwidth="1" constellation="3"/>
		<transponder centre_frequency="198500000" bandwidth="1" constellation="3"/>
		<transponder centre_frequency="205500000" bandwidth="1" constellation="3"/>
		<transponder centre_frequency="212500000" bandwidth="1" constellation="3"/>
		<transponder centre_frequency="219500000" bandwidth="1" constellation="3"/>
		<transponder centre_frequency="226500000" bandwidth="1" constellation="3"/>
		<transponder centre_frequency="233500000" bandwidth="1" constellation="3"/>
		<transponder centre_frequency="240500000" bandwidth="1" constellation="3"/>
		<transponder centre_frequency="247500000" bandwidth="1" constellation="3"/>
		<transponder centre_frequency="254500000" bandwidth="1" constellation="3"/>
		<transponder centre_frequency="261500000" bandwidth="1" constellation="3"/>
		<transponder centre_frequency="268500000" bandwidth="1" constellation="3"/>
		<transponder centre_frequency="275500000" bandwidth="1" constellation="3"/>
		<transponder centre_frequency="282500000" bandwidth="1" constellation="3"/>
		<transponder centre_frequency="289500000" bandwidth="1" constellation="3"/>
		<transponder centre_frequency="296500000" bandwidth="1" constellation="3"/>
		<transponder centre_frequency="306000000" bandwidth="0" constellation="3"/>
		<transponder centre_frequency="314000000" bandwidth="0" constellation="3"/>
		<transponder centre_frequency="322000000" bandwidth="0" constellation="3"/>
		<transponder centre_frequency="330000000" bandwidth="0" constellation="3"/>
		<transponder centre_frequency="338000000" bandwidth="0" constellation="3"/>
		<transponder centre_frequency="346000000" bandwidth="0" constellation="3"/>
		<transponder centre_frequency="354000000" bandwidth="0" constellation="3"/>
		<transponder centre_frequency="362000000" bandwidth="0" constellation="3"/>
		<transponder centre_frequency="370000000" bandwidth="0" constellation="3"/>
		<transponder centre_frequency="378000000" bandwidth="0" constellation="3"/>
		<transponder centre_frequency="386000000" bandwidth="0" constellation="3"/>
		<transponder centre_frequency="394000000" bandwidth="0" constellation="3"/>
		<transponder centre_frequency="402000000" bandwidth="0" constellation="3"/>
		<transponder centre_frequency="410000000" bandwidth="0" constellation="3"/>
		<transponder centre_frequency="418000000" bandwidth="0" constellation="3"/>
		<transponder centre_frequency="426000000" bandwidth="0" constellation="3"/>
		<transponder centre_frequency="434000000" bandwidth="0" constellation="3"/>
		<transponder centre_frequency="442000000" bandwidth="0" constellation="3"/>
		<transponder centre_frequency="450000000" bandwidth="0" constellation="3"/>
		<transponder centre_frequency="458000000" bandwidth="0" constellation="3"/>
		<transponder centre_frequency="466000000" bandwidth="0" constellation="3"/>
		<transponder centre_frequency="474000000" bandwidth="0" constellation="3"/>
		<transponder centre_frequency="482000000" bandwidth="0" constellation="3"/>
		<transponder centre_frequency="490000000" bandwidth="0" constellation="3"/>
		<transponder centre_frequency="498000000" bandwidth="0" constellation="3"/>
		<transponder centre_frequency="506000000" bandwidth="0" constellation="3"/>
		<transponder centre_frequency="514000000" bandwidth="0" constellation="3"/>
		<transponder centre_frequency="522000000" bandwidth="0" constellation="3"/>
		<transponder centre_frequency="530000000" bandwidth="0" constellation="3"/>
		<transponder centre_frequency="538000000" bandwidth="0" constellation="3"/>
		<transponder centre_frequency="546000000" bandwidth="0" constellation="3"/>
		<transponder centre_frequency="554000000" bandwidth="0" constellation="3"/>
		<transponder centre_frequency="562000000" bandwidth="0" constellation="3"/>
		<transponder centre_frequency="570000000" bandwidth="0" constellation="3"/>
		<transponder centre_frequency="578000000" bandwidth="0" constellation="3"/>
		<transponder centre_frequency="586000000" bandwidth="0" constellation="3"/>
		<transponder centre_frequency="594000000" bandwidth="0" constellation="3"/>
		<transponder centre_frequency="602000000" bandwidth="0" constellation="3"/>
		<transponder centre_frequency="610000000" bandwidth="0" constellation="3"/>
		<transponder centre_frequency="618000000" bandwidth="0" constellation="3"/>
		<transponder centre_frequency="626000000" bandwidth="0" constellation="3"/>
		<transponder centre_frequency="634000000" bandwidth="0" constellation="3"/>
		<transponder centre_frequency="642000000" bandwidth="0" constellation="3"/>
		<transponder centre_frequency="650000000" bandwidth="0" constellation="3"/>
		<transponder centre_frequency="658000000" bandwidth="0" constellation="3"/>
		<transponder centre_frequency="666000000" bandwidth="0" constellation="3"/>
		<transponder centre_frequency="674000000" bandwidth="0" constellation="3"/>
		<transponder centre_frequency="682000000" bandwidth="0" constellation="3"/>
		<transponder centre_frequency="690000000" bandwidth="0" constellation="3"/>
		<transponder centre_frequency="698000000" bandwidth="0" constellation="3"/>
		<transponder centre_frequency="706000000" bandwidth="0" constellation="3"/>
		<transponder centre_frequency="714000000" bandwidth="0" constellation="3"/>
		<transponder centre_frequency="722000000" bandwidth="0" constellation="3"/>
		<transponder centre_frequency="730000000" bandwidth="0" constellation="3"/>
		<transponder centre_frequency="738000000" bandwidth="0" constellation="3"/>
		<transponder centre_frequency="746000000" bandwidth="0" constellation="3"/>
		<transponder centre_frequency="754000000" bandwidth="0" constellation="3"/>
		<transponder centre_frequency="762000000" bandwidth="0" constellation="3"/>
		<transponder centre_frequency="770000000" bandwidth="0" constellation="3"/>
		<transponder centre_frequency="778000000" bandwidth="0" constellation="3"/>
		<transponder centre_frequency="786000000" bandwidth="0" constellation="3"/>
		<transponder centre_frequency="794000000" bandwidth="0" constellation="3"/>
		<transponder centre_frequency="802000000" bandwidth="0" constellation="3"/>
		<transponder centre_frequency="810000000" bandwidth="0" constellation="3"/>
		<transponder centre_frequency="818000000" bandwidth="0" constellation="3"/>
		<transponder centre_frequency="826000000" bandwidth="0" constellation="3"/>
		<transponder centre_frequency="834000000" bandwidth="0" constellation="3"/>
		<transponder centre_frequency="842000000" bandwidth="0" constellation="3"/>
		<transponder centre_frequency="850000000" bandwidth="0" constellation="3"/>
		<transponder centre_frequency="858000000" bandwidth="0" constellation="3"/>
	</terrestrial>
	<terrestrial name="Australia: DVB-T Frequencies" flags="5">
		<transponder centre_frequency="177500000" bandwidth="1" constellation="3"/>
		<transponder centre_frequency="184500000" bandwidth="1" constellation="3"/>
		<transponder centre_frequency="191500000" bandwidth="1" constellation="3"/>
		<transponder centre_frequency="198500000" bandwidth="1" constellation="3"/>
		<transponder centre_frequency="205500000" bandwidth="1" constellation="3"/>
		<transponder centre_frequency="212500000" bandwidth="1" constellation="3"/>
		<transponder centre_frequency="219500000" bandwidth="1" constellation="3"/>
		<transponder centre_frequency="226500000" bandwidth="1" constellation="3"/>
		<transponder centre_frequency="529500000" bandwidth="1" constellation="3"/>
		<transponder centre_frequency="536500000" bandwidth="1" constellation="3"/>
		<transponder centre_frequency="543500000" bandwidth="1" constellation="3"/>
		<transponder centre_frequency="550500000" bandwidth="1" constellation="3"/>
		<transponder centre_frequency="557500000" bandwidth="1" constellation="3"/>
		<transponder centre_frequency="564500000" bandwidth="1" constellation="3"/>
		<transponder centre_frequency="571500000" bandwidth="1" constellation="3"/>
		<transponder centre_frequency="578500000" bandwidth="1" constellation="3"/>
		<transponder centre_frequency="585500000" bandwidth="1" constellation="3"/>
		<transponder centre_frequency="592500000" bandwidth="1" constellation="3"/>
		<transponder centre_frequency="599500000" bandwidth="1" constellation="3"/>
		<transponder centre_frequency="606500000" bandwidth="1" constellation="3"/>
		<transponder centre_frequency="613500000" bandwidth="1" constellation="3"/>
		<transponder centre_frequency="620500000" bandwidth="1" constellation="3"/>
		<transponder centre_frequency="627500000" bandwidth="1" constellation="3"/>
		<transponder centre_frequency="634500000" bandwidth="1" constellation="3"/>
		<transponder centre_frequency="641500000" bandwidth="1" constellation="3"/>
		<transponder centre_frequency="648500000" bandwidth="1" constellation="3"/>
		<transponder centre_frequency="655500000" bandwidth="1" constellation="3"/>
		<transponder centre_frequency="662500000" bandwidth="1" constellation="3"/>
		<transponder centre_frequency="669500000" bandwidth="1" constellation="3"/>
		<transponder centre_frequency="676500000" bandwidth="1" constellation="3"/>
		<transponder centre_frequency="683500000" bandwidth="1" constellation="3"/>
		<transponder centre_frequency="690500000" bandwidth="1" constellation="3"/>
		<transponder centre_frequency="697500000" bandwidth="1" constellation="3"/>
		<transponder centre_frequency="704500000" bandwidth="1" constellation="3"/>
		<transponder centre_frequency="711500000" bandwidth="1" constellation="3"/>
		<transponder centre_frequency="718500000" bandwidth="1" constellation="3"/>
		<transponder centre_frequency="725500000" bandwidth="1" constellation="3"/>
		<transponder centre_frequency="732500000" bandwidth="1" constellation="3"/>
		<transponder centre_frequency="739500000" bandwidth="1" constellation="3"/>
		<transponder centre_frequency="746500000" bandwidth="1" constellation="3"/>
		<transponder centre_frequency="753500000" bandwidth="1" constellation="3"/>
		<transponder centre_frequency="760500000" bandwidth="1" constellation="3"/>
		<transponder centre_frequency="767500000" bandwidth="1" constellation="3"/>
		<transponder centre_frequency="774500000" bandwidth="1" constellation="3"/>
		<transponder centre_frequency="781500000" bandwidth="1" constellation="3"/>
		<transponder centre_frequency="788500000" bandwidth="1" constellation="3"/>
		<transponder centre_frequency="795500000" bandwidth="1" constellation="3"/>
		<transponder centre_frequency="802500000" bandwidth="1" constellation="3"/>
		<transponder centre_frequency="809500000" bandwidth="1" constellation="3"/>
		<transponder centre_frequency="816500000" bandwidth="1" constellation="3"/>
	</terrestrial>
	<terrestrial name="Iceland: DVB-T Frequencies" flags="5">
		<transponder centre_frequency="177500000" bandwidth="1" constellation="3"/>
		<transponder centre_frequency="184500000" bandwidth="1" constellation="3"/>
		<transponder centre_frequency="191500000" bandwidth="1" constellation="3"/>
		<transponder centre_frequency="198500000" bandwidth="1" constellation="3"/>
		<transponder centre_frequency="205500000" bandwidth="1" constellation="3"/>
		<transponder centre_frequency="212500000" bandwidth="1" constellation="3"/>
		<transponder centre_frequency="219500000" bandwidth="1" constellation="3"/>
		<transponder centre_frequency="226500000" bandwidth="1" constellation="3"/>
		<transponder centre_frequency="234000000" bandwidth="0" constellation="3"/>
		<transponder centre_frequency="242000000" bandwidth="0" constellation="3"/>
		<transponder centre_frequency="250000000" bandwidth="0" constellation="3"/>
		<transponder centre_frequency="258000000" bandwidth="0" constellation="3"/>
		<transponder centre_frequency="266000000" bandwidth="0" constellation="3"/>
		<transponder centre_frequency="274000000" bandwidth="0" constellation="3"/>
		<transponder centre_frequency="282000000" bandwidth="0" constellation="3"/>
		<transponder centre_frequency="290000000" bandwidth="0" constellation="3"/>
		<transponder centre_frequency="298000000" bandwidth="0" constellation="3"/>
		<transponder centre_frequency="306000000" bandwidth="0" constellation="3"/>
		<transponder centre_frequency="314000000" bandwidth="0" constellation="3"/>
		<transponder centre_frequency="322000000" bandwidth="0" constellation="3"/>
		<transponder centre_frequency="330000000" bandwidth="0" constellation="3"/>
		<transponder centre_frequency="338000000" bandwidth="0" constellation="3"/>
		<transponder centre_frequency="346000000" bandwidth="0" constellation="3"/>
		<transponder centre_frequency="354000000" bandwidth="0" constellation="3"/>
		<transponder centre_frequency="362000000" bandwidth="0" constellation="3"/>
		<transponder centre_frequency="370000000" bandwidth="0" constellation="3"/>
		<transponder centre_frequency="378000000" bandwidth="0" constellation="3"/>
		<transponder centre_frequency="386000000" bandwidth="0" constellation="3"/>
		<transponder centre_frequency="394000000" bandwidth="0" constellation="3"/>
		<transponder centre_frequency="402000000" bandwidth="0" constellation="3"/>
		<transponder centre_frequency="410000000" bandwidth="0" constellation="3"/>
		<transponder centre_frequency="418000000" bandwidth="0" constellation="3"/>
		<transponder centre_frequency="426000000" bandwidth="0" constellation="3"/>
		<transponder centre_frequency="434000000" bandwidth="0" constellation="3"/>
		<transponder centre_frequency="442000000" bandwidth="0" constellation="3"/>
		<transponder centre_frequency="450000000" bandwidth="0" constellation="3"/>
		<transponder centre_frequency="458000000" bandwidth="0" constellation="3"/>
		<transponder centre_frequency="466000000" bandwidth="0" constellation="3"/>
		<transponder centre_frequency="474000000" bandwidth="0" constellation="3"/>
		<transponder centre_frequency="482000000" bandwidth="0" constellation="3"/>
		<transponder centre_frequency="490000000" bandwidth="0" constellation="3"/>
		<transponder centre_frequency="498000000" bandwidth="0" constellation="3"/>
		<transponder centre_frequency="506000000" bandwidth="0" constellation="3"/>
		<transponder centre_frequency="514000000" bandwidth="0" constellation="3"/>
		<transponder centre_frequency="522000000" bandwidth="0" constellation="3"/>
		<transponder centre_frequency="530000000" bandwidth="0" constellation="3"/>
		<transponder centre_frequency="538000000" bandwidth="0" constellation="3"/>
		<transponder centre_frequency="546000000" bandwidth="0" constellation="3"/>
		<transponder centre_frequency="554000000" bandwidth="0" constellation="3"/>
		<transponder centre_frequency="562000000" bandwidth="0" constellation="3"/>
		<transponder centre_frequency="570000000" bandwidth="0" constellation="3"/>
		<transponder centre_frequency="578000000" bandwidth="0" constellation="3"/>
		<transponder centre_frequency="586000000" bandwidth="0" constellation="3"/>
		<transponder centre_frequency="594000000" bandwidth="0" constellation="3"/>
		<transponder centre_frequency="602000000" bandwidth="0" constellation="3"/>
		<transponder centre_frequency="610000000" bandwidth="0" constellation="3"/>
		<transponder centre_frequency="618000000" bandwidth="0" constellation="3"/>
		<transponder centre_frequency="626000000" bandwidth="0" constellation="3"/>
		<transponder centre_frequency="634000000" bandwidth="0" constellation="3"/>
		<transponder centre_frequency="642000000" bandwidth="0" constellation="3"/>
		<transponder centre_frequency="650000000" bandwidth="0" constellation="3"/>
		<transponder centre_frequency="658000000" bandwidth="0" constellation="3"/>
		<transponder centre_frequency="666000000" bandwidth="0" constellation="3"/>
		<transponder centre_frequency="674000000" bandwidth="0" constellation="3"/>
		<transponder centre_frequency="682000000" bandwidth="0" constellation="3"/>
		<transponder centre_frequency="690000000" bandwidth="0" constellation="3"/>
		<transponder centre_frequency="698000000" bandwidth="0" constellation="3"/>
		<transponder centre_frequency="706000000" bandwidth="0" constellation="3"/>
		<transponder centre_frequency="714000000" bandwidth="0" constellation="3"/>
		<transponder centre_frequency="722000000" bandwidth="0" constellation="3"/>
		<transponder centre_frequency="730000000" bandwidth="0" constellation="3"/>
		<transponder centre_frequency="738000000" bandwidth="0" constellation="3"/>
		<transponder centre_frequency="746000000" bandwidth="0" constellation="3"/>
		<transponder centre_frequency="754000000" bandwidth="0" constellation="3"/>
		<transponder centre_frequency="762000000" bandwidth="0" constellation="3"/>
		<transponder centre_frequency="770000000" bandwidth="0" constellation="3"/>
		<transponder centre_frequency="778000000" bandwidth="0" constellation="3"/>
		<transponder centre_frequency="786000000" bandwidth="0" constellation="3"/>
		<transponder centre_frequency="794000000" bandwidth="0" constellation="3"/>
		<transponder centre_frequency="802000000" bandwidth="0" constellation="3"/>
		<transponder centre_frequency="810000000" bandwidth="0" constellation="3"/>
		<transponder centre_frequency="818000000" bandwidth="0" constellation="3"/>
		<transponder centre_frequency="826000000" bandwidth="0" constellation="3"/>
		<transponder centre_frequency="834000000" bandwidth="0" constellation="3"/>
		<transponder centre_frequency="842000000" bandwidth="0" constellation="3"/>
		<transponder centre_frequency="850000000" bandwidth="0" constellation="3"/>
		<transponder centre_frequency="858000000" bandwidth="0" constellation="3"/>
	</terrestrial>
</locations>
